# 数值

| 类型          | 大小（字节） | 范围（有符号）     | 范围（无符号） | 用途            |
| :------------ | :----------- | :----------------- | :------------- | :-------------- |
| TINYINT       | 1            | (-128，127)        | (0，255)       | 小整数值        |
| SMALLINT      | 2            | (-32768，32767)    | (0，65535)     | 大整数值        |
| MEDIUMINT     | 3            | (-2^23， 2^23 - 1) | (0，2^24 - 1)  | 大整数值        |
| INT/INTEGER   | 4            | (-2^31， 2^31 - 1) | (0，2^32 - 1)  | 大整数值        |
| BIGINT        | 8            | (-2^63， 2^63 - 1) | (0，2^64 - 1)  | 极大整数值      |
| FLOAT         | 4            |                    |                | 单精度 浮点数值 |
| DOUBLE        | 8            |                    |                | 双精度 浮点数值 |
| Decimal(M,D） | M + 2        |                    |                |                 |

## 显示宽度

对于整数类型，MySQL支持在类型后面的小括号内指定**显示宽度**，如

```mysql
INT(5) 表示当数值宽度小于5位的时候在数字前面填满宽度，如果不指定宽度一般默认为INT(10)
```

显示宽度一般配合zerofill使用，数字位数不够的空间用"0"填充。插入的数据比设置的显示宽度长时，不会对插入数据有影响，此时显示宽度没有意义。

```mysql
mysql> create table int_width(id1 int zerofill, id2 int(5) zerofill, id3 int(5) zerofill);
mysql> insert into int_width VALUES(1, 1, 123456);

mysql> select * from int_width;
+------------+-------+--------+
| id1        | id2   | id3    |
+------------+-------+--------+
| 0000000001 | 00001 | 123456 |
+------------+-------+--------+
mysql> show create table int_width;
CREATE TABLE `int_width` (
  `id1` int(10) unsigned zerofill DEFAULT NULL,
  `id2` int(5) unsigned zerofill DEFAULT NULL,
  `id3` int(5) unsigned zerofill DEFAULT NULL
) ENGINE=InnoDB DEFAULT CHARSET=utf8
1 row in set (0.00 sec)

```

所有的整数类型都有一个可选属性UNSIGNED（无符号），保存无符号数时使用此标志，如果一列指定为zerofill，则MySQL自动为该列添加UNSIGNED属性

## 小数

浮点数（float，double）和 定点数（Decimal）

定点数在MySQL内以字符串形式存放，比浮点数更加精确，适合用来表示货币等精度高的数据。

浮点数和定点书都可以用类型名称（M，D）来表示，其中该值共M位数字（整数位+小数位），其中D位位于小数点后面。（M：精度，D：标度）

float和double在不指定精度时，默认会按照实际的精度来显示，

decimal在不指定精度时，M=10，D=0

```mysql
mysql> create table float_num (i float(5,2), j double(5,2), k decimal(5,2));
mysql> insert into float_num VALUES(1.234, 1.234, 1.23);
mysql> insert into float_num VALUES(1.23456, 1.23456, 1.2356);
mysql> select * from float_num;
+------+------+------+
| i    | j    | k    |
+------+------+------+
| 1.23 | 1.23 | 1.23 |
| 1.23 | 1.23 | 1.24 |
+------+------+------+
# 由于标度限制，舍去了小数位，四舍五入保留到指定标度小数位
```



# 日期

| 类型      | 大小 (字节) | 范围                                    | 格式                | 用途      |
| :-------- | :---------- | --------------------------------------- | :------------------ | :-------- |
| YEAR      | 1           | [1901, 2155]                            | YYYY                | 年        |
| DATE      | 3           | [1000-01-01, 9999-12-31]                | YYYY-MM-DD          | 年月日    |
| TIME      | 3           | [-838:59:59, 838:59:59 ]                | HH:MM:SS            | 时分秒    |
| DATETIME  | 8           | [1000-01-01 0:0:0, 9999-12-31 23:59:59] | YYYY-MM-DD HH:MM:SS | 日期+时间 |
| TIMESTAMP | 4           | [19700101080001, 2038年]                | YYYYMMDDHHMMSS      | 日期+时间 |

> TIMESTAMP值返回后显示为YYYY-MM-DD HH:MM:SS，如果某个字段使用的是系统时间则使用该类型。
>
> TIMESTAMP的默认值为CURRENT_TIMESTAMP（系统日期）
>
> TIMESTAMP的列中，如果插入为NULL，该列值会被自动设置为系统日期和时间

**日期超出范围后，系统会进行错误提示，并以安装相对的格式以零值进行存储。**

```mysql
mysql> create table time(y year, d date, t time, dt datetime, ts timestamp);
mysql> insert into time values(now(), now(), now(), now(), NULL);
mysql> select * from time;
+------+------------+----------+---------------------+---------------------+
| y    | d          | t        | dt                  | ts                  |
+------+------------+----------+---------------------+---------------------+
| 2019 | 2019-07-09 | 21:53:34 | 2019-07-09 21:53:34 | 2019-07-09 21:53:34 |
+------+------------+----------+---------------------+---------------------+
```



# 字符串

| 类型         | 大小（字节）  | 用途                            |
| :----------- | :------------ | :------------------------------ |
| CHAR（M）    | 0-M，M<=255   | 定长字符串                      |
| VARCHAR（M） | 0-M，M<=65535 | 变长字符串                      |
| TINYBLOB     | 0-255         | 不超过 255 个字符的二进制字符串 |
| TINYTEXT     | 0-255         | 短文本字符串                    |
| BLOB         | 0-65535       | 二进制形式的长文本数据          |
| TEXT         | 0-65535       | 长文本数据                      |
| MEDIUMBLOB   | 0-16777215    | 二进制形式的中等长度文本数据    |
| MEDIUMTEXT   | 0-16777215    | 中等长度文本数据                |
| LONGBLOB     | 0-4294967295  | 二进制形式的极大文本数据        |
| LONGTEXT     | 0-4294967295  | 极大文本数据                    |

CHAR和VARCHAR区别：

+ CHAR为定长字符串，长度可以为0~255，

  VARCHAR为变长字符串，长度可以为0~65536

+ **检索时，**CAHR删除了尾部的空格，

  VARCHAR保留了这些空格

```mysql
mysql> create table str(v varchar(4), c char(4));
mysql> insert into str values("ab  ", "ab  ");
mysql> select length(v), length(c) from str;
+-----------+-----------+
| length(v) | length(c) |
+-----------+-----------+
|         4 |         2 |
+-----------+-----------+
mysql> select concat(v, "+"), concat(c, "+") from str;
+----------------+----------------+
| concat(v, "+") | concat(c, "+") |
+----------------+----------------+
| ab  +          | ab+            |
+----------------+----------------+
```



# ENUM

枚举类型，值的范围需要在创建表时通过枚举的方式指定，对1～255个成员的枚举需要1个字节存储；对于256～65535个成员，需要2个字节存储。最多可以有65535个成员。

```mysql
mysql> create table enum(gender enum('m','f'));
mysql> INSERT INTO enum VALUES ("M"), ("1"), (NULL), ("F");
mysql> SELECT * FROM enum;
+--------+
| gender |
+--------+
| m      |
| m      |
| NULL   |
| f      |
+--------+
```

从以上可知ENUM类型忽略大小写，会将大小写转换程指定的枚举值相应的大/小写格式。

还可以看出对于插入不在ENUM指定范围内的值时，并没有返回警告，而是插入了enum('m','f')中的第一个值"m"

ENUM类型只允许从集合中选取单个值，不能一次取多个值。



# SET

SET和ENUM类型相似，也是一个字符串对象。里面可以包含0~64个成员。根据成员的不同，存储上也有所不同

+ 1  ～  8成员的集合，占1个字节
+ 9  ～16成员的集合，占2个字节
+ 17～24成员的集合，占3个字节
+ 25～32成员的集合，占4个字节
+ 33～64成员的集合，占8个字节

SET和ENUM除了存储之外，最主要的区别在于SET类型一次可以选取一个或多个成员，而ENUM只能选取一个成员

```mysql
mysql> create table set_(i set ("a","b","c"));
mysql> insert into set_ values ("a,b"), ("a,a,a");
mysql> select * from set_;
+------+
| i    |
+------+
| a,b  |
| a    |
+------+
2 rows in set (0.00 sec)
mysql> insert into set_ values ("a,be");
ERROR 1265 (01000): Data truncated for column 'i' at row 1
```

超出允许范围的值将不允许插入到set列中，如"a,be"

对于重复的成员只取一次，如"a,a,a"，写入后为"a"



# 单词

| tiny    | 细小，微型   |
| ------- | ------------ |
| decimal | 十进制，小数 |

